{
  "args0": [
    {
      "type": "field_javaname",
      "name": "attribute"
    },
    {
      "type": "input_value",
      "name": "entity",
      "check": "Entity"
    }
  ],
  "inputsInline": true,
  "output": "Boolean",
  "colour": "%{BKY_LOGIC_HUE}",
  "mcreator": {
    "toolbox_id": "azz_attr",
    "toolbox_init": [
      "<value name=\"entity\"><block type=\"entity_from_deps\"></block></value>"
    ],
    "fields": [
      "attribute"
    ],
    "inputs": [
      "entity"
    ],
    "dependencies": [
      {
        "type": "entity",
        "name": "entity"
      }
    ]
  }
}