{
  "args0": [
    {
      "type": "field_javaname",
      "name": "attribute"
    },
    {
      "type": "input_value",
      "name": "entity",
      "check": "Entity"
    },
    {
      "type": "input_value",
      "name": "value",
      "check": "Number"
    }
  ],
  "inputsInline": true,
  "previousStatement": null,
  "nextStatement": null,
  "colour": "%{BKY_MATH_HUE}",
  "mcreator": {
    "toolbox_id": "azz_attr",
    "toolbox_init": [
      "<value name=\"value\"><block type=\"math_number\"><field name=\"NUM\">1</field></block></value>",
      "<value name=\"entity\"><block type=\"entity_from_deps\"></block></value>"
    ],
    "fields": [
      "attribute"
    ],
    "inputs": [
      "value",
      "entity"
    ]
  }
}