{
  "args0": [
    {
      "type": "field_number",
      "name": "radius",
      "value": 6.0
    },
    {
      "type": "field_number",
      "name": "farspeed",
      "value": 1.0
    },
    {
      "type": "field_number",
      "name": "nearspeed",
      "value": 1.2
    },
    {
      "type": "field_data_list_selector",
      "name": "entity",
      "datalist": "entity"
    }
  ],
  "extensions": [
    "ai_condition_selector"
  ],
  "inputsInline": true,
  "previousStatement": null,
  "nextStatement": null,
  "colour": 20,
  "mcreator": {
    "toolbox_id": "targettasks",
    "fields": [
      "entity",
      "radius",
      "farspeed",
      "nearspeed",
      "condition"
    ]
  }
}