{
  "args0": [
    {
      "type": "input_value",
      "name": "var",
      "check": [ "List<Block>", "List<String>", "List<Double>", "List<Boolean>", "List"]
    },
    {
      "type": "input_value",
      "name": "index",
      "check": "Number"
    }
  ],
  "inputsInline": true,
  "output": null,
  "colour": 280,
  "mcreator": {
    "toolbox_id": "arraylist",
    "toolbox_init": [
      "<value name=\"index\"><block type=\"math_number\"><field name=\"index\">4</field></block></value>"
    ],
    "inputs": [
      "index",
      "var"
    ]
  }
}
