{
  "args0": [
    {
      "type": "input_value",
      "name": "var",
      "check": "List"
    },
    {
      "type": "input_value",
      "name": "index",
      "check": "Number"
    },
    {
      "type": "input_value",
      "name": "value"
    }
  ],
  "inputsInline": true,
  "previousStatement": null,
  "nextStatement": null,
  "colour": 280,
  "mcreator": {
    "toolbox_id": "arraylist",
    "toolbox_init": [
      "<value name=\"index\"><block type=\"math_number\"><field name=\"index\">4</field></block></value>"
    ],
    "inputs": [
      "index",
      "value",
      "var"
    ]
  }
}
