{
  "args0": [
	{
	  "type": "input_value",
      "name": "x",
      "check": "Number"
	},
	{
	  "type": "input_value",
      "name": "z",
      "check": "Number"
	},
	{
	  "type": "input_value",
      "name": "offset",
      "check": "Boolean"
	}
  ],
  "inputsInline": true,
  "output": "Number",
  "colour": "%{BKY_MATH_HUE}",
  "mcreator": {
	"toolbox_init": [
      "<value name=\"x\"><block type=\"coord_x\"></block></value>",
	  "<value name=\"z\"><block type=\"coord_z\"></block></value>",
	  "<value name=\"offset\"><block type=\"logic_boolean\"><field name=\"BOOL\">TRUE</field></block></value>"
    ],
    "inputs": [
      "x",
	  "z",
	  "offset"
    ],
    "toolbox_id": "worlddata"
  }
}