{
  "args0": [
    {
      "type": "field_data_list_selector",
      "name": "modifier",
      "datalist": "damagesourcemodifierlist"
    },
    {
      "type": "input_value",
      "name": "damagesource",
      "check": "DamageSource"
    }
  ],
  "output": "DamageSource",
  "inputsInline": true,
  "colour": 250,
  "mcreator": {
    "toolbox_id": "damagesource",
    "toolbox_init": [
      "<value name=\"damagesource\"><block type=\"damagesource_damage_source\"></block></value>"
    ],
    "inputs": [
      "damagesource"
    ],
    "fields": [
      "modifier"
    ]
  }
}