{
  "args0": [
    {
      "type": "input_value",
      "name": "x",
      "check": "Number"
    },
    {
      "type": "input_value",
      "name": "y",
      "check": "Number"
    },
    {
      "type": "input_value",
      "name": "z",
      "check": "Number"
    },
    {
      "type": "input_value",
      "name": "amount",
      "check": "Number"
    },
    {
      "type": "input_value",
      "name": "direction",
      "check": [
        "Direction",
        "Null"
      ]
    }
  ],
  "extensions": [
    "fluid_list_provider"
  ],
  "fields": [
    "fluid"
  ],
  "inputsInline": true,
  "output": "Number",
  "colour": "%{BKY_MATH_HUE}",
  "mcreator": {
    "toolbox_id": "energyandfluid",
    "toolbox_init": [
      "<value name=\"x\"><block type=\"coord_x\"></block></value>",
      "<value name=\"y\"><block type=\"coord_y\"></block></value>",
      "<value name=\"z\"><block type=\"coord_z\"></block></value>",
      "<value name=\"amount\"><block type=\"math_number\"><field name=\"NUM\">100</field></block></value>",
      "<value name=\"direction\"><block type=\"direction_unspecified\"></block></value>"
    ],
    "inputs": [
      "x",
      "y",
      "z",
      "amount",
      "direction"
    ],
    "fields": [
      "fluid"
    ],
    "dependencies": [
      {
        "name": "world",
        "type": "world"
      }
    ]
  }
}