{
  "args0": [
    {
      "type": "input_value",
      "name": "a",
      "check": "MCItemBlock"
    },
    {
      "type": "field_image",
      "src": "./res/b.png",
      "width": 8,
      "height": 36
    }
  ],
  "extensions": [
    "material_list_provider"
  ],
  "inputsInline": true,
  "output": "Boolean",
  "colour": "%{BKY_LOGIC_HUE}",
  "mcreator": {
    "group": "data",
    "toolbox_id": "blockdata",
    "toolbox_init": [
      "<value name=\"a\"><block type=\"blockstate_from_deps\"></block></value>"
    ],
    "fields": [
      "material"
    ],
    "inputs": [
      "a"
    ]
  }
}