{
  "args0": [
    {
      "type": "input_value",
      "name": "level",
      "check": "Number"
    },
    {
      "type": "input_value",
      "name": "duration",
      "check": "Number"
    },
    {
      "type": "input_value",
      "name": "entity",
      "check": "Entity"
    },
    {
      "type": "field_data_list_selector",
      "name": "potion",
      "datalist": "effect"
    }
  ],
  "inputsInline": true,
  "previousStatement": null,
  "nextStatement": null,
  "colour": 195,
  "mcreator": {
    "toolbox_id": "entitymanagement",
    "toolbox_init": [
      "<value name=\"level\"><block type=\"math_number\"><field name=\"NUM\">1</field></block></value>",
      "<value name=\"duration\"><block type=\"math_number\"><field name=\"NUM\">60</field></block></value>",
      "<value name=\"entity\"><block type=\"entity_from_deps\"></block></value>"
    ],
    "fields": [
      "potion"
    ],
    "inputs": [
      "level",
      "duration",
      "entity"
    ]
  }
}