{
  "args0": [
    {
      "type": "field_javaname",
      "name": "checkbox",
      "text": "checkBoxName"
    },
    {
      "type": "field_image",
      "src": "./res/client.png",
      "width": 8,
      "height": 24
    }
  ],
  "output": "Boolean",
  "colour": "%{BKY_LOGIC_HUE}",
  "mcreator": {
    "group": "components",
    "toolbox_id": "guimanagement",
    "fields": [
      "checkbox"
    ],
    "dependencies": [
      {
        "name": "guistate",
        "type": "map"
      }
    ]
  }
}