{
  "args0": [
    {
      "type": "input_value",
      "name": "projectile",
      "check": "ProjectileEntity"
    },
    {
      "type": "input_value",
      "name": "x",
      "check": "Number"
    },
    {
      "type": "input_value",
      "name": "y",
      "check": "Number"
    },
    {
      "type": "input_value",
      "name": "z",
      "check": "Number"
    },
    {
      "type": "input_value",
      "name": "dx",
      "check": "Number"
    },
    {
      "type": "input_value",
      "name": "dy",
      "check": "Number"
    },
    {
      "type": "input_value",
      "name": "dz",
      "check": "Number"
    },
    {
      "type": "input_value",
      "name": "speed",
      "check": "Number"
    },
    {
      "type": "input_value",
      "name": "inaccuracy",
      "check": "Number"
    }
  ],
  "inputsInline": true,
  "previousStatement": null,
  "nextStatement": null,
  "colour": 35,
  "mcreator": {
    "toolbox_id": "projectilemanagement",
    "toolbox_init": [
      "<value name=\"x\"><block type=\"coord_x\"></block></value>",
      "<value name=\"y\"><block type=\"coord_y\"></block></value>",
      "<value name=\"z\"><block type=\"coord_z\"></block></value>",
      "<value name=\"dx\"><block type=\"math_number\"><field name=\"NUM\">1</field></block></value>",
      "<value name=\"dy\"><block type=\"math_number\"><field name=\"NUM\">1</field></block></value>",
      "<value name=\"dz\"><block type=\"math_number\"><field name=\"NUM\">1</field></block></value>",
      "<value name=\"speed\"><block type=\"math_number\"><field name=\"NUM\">1</field></block></value>",
      "<value name=\"inaccuracy\"><block type=\"math_number\"><field name=\"NUM\">0</field></block></value>"
    ],
    "inputs": [
      "x",
      "y",
      "z",
      "dx",
      "dy",
      "dz",
      "speed",
      "inaccuracy",
      {
        "name": "projectile",
        "provides": [
          {
            "name": "projectileLevel",
            "type": "world"
          }
        ]
      }
    ],
    "dependencies": [
      {
        "name": "world",
        "type": "world"
      }
    ]
  }
}