{
  "args0": [
    {
      "type": "field_data_list_selector",
      "name": "projectile",
      "datalist": "throwableProjectile"
    },
    {
      "type": "input_value",
      "name": "shooter",
      "check": "Entity"
    }
  ],
  "inputsInline": true,
  "output": "ProjectileEntity",
  "colour": 300,
  "mcreator": {
    "toolbox_id": "projectilemanagement",
    "toolbox_init": [
      "<value name=\"shooter\"><block type=\"entity_none\"></block></value>"
    ],
    "inputs": [
      "shooter"
    ],
    "fields": [
      "projectile"
    ],
    "dependencies": [
      {
        "name": "projectileLevel",
        "type": "world"
      }
    ]
  }
}