{
  "args0": [
    {
      "type": "input_value",
      "name": "projectile",
      "check": "ProjectileEntity"
    },
    {
      "type": "input_value",
      "name": "entity",
      "check": "Entity"
    },
    {
      "type": "input_value",
      "name": "speed",
      "check": "Number"
    },
    {
      "type": "input_value",
      "name": "inaccuracy",
      "check": "Number"
    }
  ],
  "inputsInline": true,
  "previousStatement": null,
  "nextStatement": null,
  "colour": 195,
  "mcreator": {
    "toolbox_id": "projectilemanagement",
    "toolbox_init": [
      "<value name=\"entity\"><block type=\"entity_from_deps\"></block></value>",
      "<value name=\"speed\"><block type=\"math_number\"><field name=\"NUM\">1</field></block></value>",
      "<value name=\"inaccuracy\"><block type=\"math_number\"><field name=\"NUM\">0</field></block></value>"
    ],
    "inputs": [
      "entity",
      "speed",
      "inaccuracy",
      {
        "name": "projectile",
        "provides": [
          {
            "name": "projectileLevel",
            "type": "world"
          }
        ]
      }
    ]
  }
}