{
  "args0": [
    {
      "type": "input_value",
      "name": "gameruleValue",
      "check": "Number"
    }
  ],
  "extensions": [
    "gamerulesnumber_list_provider"
  ],
  "inputsInline": true,
  "previousStatement": null,
  "nextStatement": null,
  "colour": "%{BKY_MATH_HUE}",
  "mcreator": {
    "toolbox_id": "worldmanagement",
    "toolbox_init": [
      "<value name=\"gameruleValue\"><block type=\"math_number\"><field name=\"NUM\">0</field></block></value>"
    ],
    "inputs": [
      "gameruleValue"
    ],
    "fields": [
      "gamerulesnumber"
    ],
    "dependencies": [
      {
        "name": "world",
        "type": "world"
      }
    ]
  }
}
