{
  "args0": [
    {
      "type": "input_value",
      "name": "NBTName",
      "check": "String"
    }
  ],
  "inputsInline": true,
  "output": "String",
  "colour": "#609985",
  "mcreator": {
    "toolbox_id": "jlskyzer_procedures",
    "toolbox_init": [
      "<value name=\"NBTName\"><block type=\"text\"><field name=\"TEXT\">NBTName</field></block></value>"
    ],
    "inputs": [
      "NBTName"
    ],
    "dependencies": [
      {
        "name": "world",
        "type": "world"
      }
    ]
  }
}