{
"message0": "Get %1 of %2",
"args0": [
   {
       "type":"field_dropdown",
       "name":"attribute",
       "options": [
       [
           "Max Health",
           "MAX_HEALTH"
       ],
       [
           "Armor",
           "ARMOR"
       ],
       [
           "Armor Toughness",
           "ARMOR_TOUGHNESS"
       ],
       [
           "Attack Damage",
           "ATTACK_DAMAGE"
       ],
       [
           "Attack Speed",
           "ATTACK_SPEED"
       ],
       [
           "Knockback Resistance",
           "KNOCKBACK_RESISTANCE"
       ],
       [
           "Follow Range",
           "FOLLOW_RANGE"
       ],
       [
           "Luck",
           "LUCK"
       ]
       ]
   },
   {
       "type":"input_value",
       "name":"entity",
       "check":"Entity"
   }
],
"inputsInline": true,
"output": "Number",
"colour": "%{BKY_MATH_HUE}",
"extensions": [
],
"mcreator": {
   "toolbox_id": "azz",
   "toolbox_init": [
       "<value name=\"entity\"><block type=\"entity_from_deps\"></block></value>"   ],
   "fields": [
       "attribute"
   ],
   "inputs": [
       "entity"
   ],
   "dependencies": [
       {
           "type": "entity",
           "name": "entity"
       }
   ]
}
}