{
"message0": "Get %1 of Zombie %2",
"args0": [
   {
       "type":"field_dropdown",
       "name":"attribute",
       "options": [
       [
           "Spawn Reinforcements",
           "SPAWN_REINFORCEMENTS_CHANCE"
       ]
       ]
   },
   {
       "type":"input_value",
       "name":"entity",
       "check":"Entity"
   }
],
"inputsInline": true,
"output": "Number",
"colour": "%{BKY_MATH_HUE}",
"extensions": [
],
"mcreator": {
   "toolbox_id": "azz",
   "toolbox_init": [
       "<value name=\"entity\"><block type=\"entity_from_deps\"></block></value>"   ],
   "fields": [
       "attribute"
   ],
   "inputs": [
       "entity"
   ],
   "dependencies": [
       {
           "type": "entity",
           "name": "entity"
       }
   ]
}
}