{
"message0": "Set %1 of Horse %2 to %3",
"args0": [
   {
       "type":"field_dropdown",
       "name":"attribute",
       "options": [
       [
           "Jump Strength",
           "JUMP_STRENGTH"
       ]
       ]
   },
   {
       "type":"input_value",
       "name":"entity",
       "check":"Entity"
   },
   {
       "type":"input_value",
       "name":"value",
       "check":"Number"
   }
],
"inputsInline": true,
"previousStatement": null,
"nextStatement": false,
"colour": 195,
"extensions": [
],
"mcreator": {
   "toolbox_id": "azz",
   "toolbox_init": [
       "<value name=\"entity\"><block type=\"entity_from_deps\"></block></value>",
       "<value name=\"value\"><block type=\"math_number\"><field name=\"NUM\">1</field></block></value>"   ],
   "fields": [
       "attribute"
   ],
   "inputs": [
       "entity",
       "value"
   ],
   "dependencies": [
       {
           "type": "entity",
           "name": "entity"
       }
   ]
}
}